<?xml version="1.0" encoding="UTF-8"?>
<project-private xmlns="http://www.netbeans.org/ns/project-private/1">
    <editor-bookmarks xmlns="http://www.netbeans.org/ns/editor-bookmarks/2" lastBookmarkId="0"/>
    <open-files xmlns="http://www.netbeans.org/ns/projectui-open-files/2">
        <group>
            <file>file:/D:/Documents/Kuliah/Semester%205/SisPak/CornDiseaseExpertSystem/src/corndiseaseexpertsystem/InferenceForwardChaining.java</file>
            <file>file:/D:/Documents/Kuliah/Semester%205/SisPak/CornDiseaseExpertSystem/src/corndiseaseexpertsystem/Rule.java</file>
            <file>file:/D:/Documents/Kuliah/Semester%205/SisPak/CornDiseaseExpertSystem/src/corndiseaseexpertsystem/StemBorer.java</file>
            <file>file:/D:/Documents/Kuliah/Semester%205/SisPak/CornDiseaseExpertSystem/src/corndiseaseexpertsystem/Blight.java</file>
            <file>file:/D:/Documents/Kuliah/Semester%205/SisPak/CornDiseaseExpertSystem/src/corndiseaseexpertsystem/LeafRust.java</file>
            <file>file:/D:/Documents/Kuliah/Semester%205/SisPak/CornDiseaseExpertSystem/src/corndiseaseexpertsystem/Main.java</file>
            <file>file:/D:/Documents/Kuliah/Semester%205/SisPak/CornDiseaseExpertSystem/src/corndiseaseexpertsystem/Bulai.java</file>
            <file>file:/D:/Documents/Kuliah/Semester%205/SisPak/CornDiseaseExpertSystem/src/corndiseaseexpertsystem/knowledge_base</file>
            <file>file:/D:/Documents/Kuliah/Semester%205/SisPak/CornDiseaseExpertSystem/src/corndiseaseexpertsystem/Burn.java</file>
            <file>file:/D:/Documents/Kuliah/Semester%205/SisPak/CornDiseaseExpertSystem/src/corndiseaseexpertsystem/CobBorer.java</file>
        </group>
    </open-files>
</project-private>
